<?xml version="1.0" encoding="UTF-8"?>
<project-private xmlns="http://www.netbeans.org/ns/project-private/1">
    <editor-bookmarks xmlns="http://www.netbeans.org/ns/editor-bookmarks/2" lastBookmarkId="0"/>
    <open-files xmlns="http://www.netbeans.org/ns/projectui-open-files/2">
        <group>
            <file>file:/E:/WebDocs/IGOR/Cinema2.0/application/views/FaleConosco.php</file>
            <file>file:/E:/WebDocs/IGOR/Cinema2.0/application/views/TelaInicial/HOME.php</file>
            <file>file:/E:/WebDocs/IGOR/Cinema2.0/application/controllers/Cinema.php</file>
            <file>file:/E:/WebDocs/IGOR/Cinema2.0/application/views/Footer.php</file>
            <file>file:/E:/WebDocs/IGOR/Cinema2.0/application/views/TelaInicial/Footer.php</file>
            <file>file:/E:/WebDocs/IGOR/Cinema2.0/application/config/routes.php</file>
            <file>file:/E:/WebDocs/IGOR/Cinema2.0/application/views/TelaInicial/Header.php</file>
            <file>file:/E:/WebDocs/IGOR/Cinema2.0/application/controllers/Filme.php</file>
            <file>file:/E:/WebDocs/IGOR/Cinema2.0/application/controllers/PgHOME.php</file>
            <file>file:/E:/WebDocs/IGOR/Cinema2.0/public/styleCinema.css</file>
            <file>file:/E:/WebDocs/IGOR/Cinema2.0/application/controllers/FaleConosco.php</file>
            <file>file:/E:/WebDocs/IGOR/Cinema2.0/application/views/ListaFilmes.php</file>
            <file>file:/E:/WebDocs/IGOR/Cinema2.0/application/views/FormFilme.php</file>
        </group>
    </open-files>
</project-private>
